,Company,Item,Food Type,Predicted Food Type,Calories,Total Fat (g),Saturated Fat (g),Trans Fat (g),Cholesterol (mg),Sodium (mg),Carbs (g),Fiber (g),Sugars (g),Protein (g)
0,McDonald’s,Hamburger,beef,beef,250,9.0,3.5,0.5,25,520,31,2,6,12
1,McDonald’s,Cheeseburger,beef,beef,300,12.0,6.0,0.5,40,750,33,2,6,15
2,McDonald’s,Double Cheeseburger,beef,beef,440,23.0,11.0,1.5,80,1150,34,2,7,25
3,McDonald’s,McDouble,beef,beef,390,19.0,8.0,1.0,65,920,33,2,7,22
4,McDonald’s, Quarter Pounder® with Cheese,beef,beef,510,26.0,12.0,1.5,90,1190,40,3,9,29
5,McDonald’s,Double Quarter Pounder® with Cheese,beef,beef,740,42.0,19.0,2.5,155,1380,40,3,9,48
6,McDonald’s,Big Mac®,beef,beef,540,29.0,10.0,1.5,75,1040,45,3,9,25
8,McDonald’s,Big N’ Tasty® with Cheese,beef,beef,510,28.0,11.0,1.5,85,960,38,3,8,27
9,McDonald’s,Angus Bacon & Cheese,beef,beef,790,39.0,17.0,2.0,145,2070,63,4,13,45
10,McDonald’s,Angus Deluxe,beef,beef,750,39.0,16.0,2.0,135,1700,61,4,10,40
11,McDonald’s,Angus Mushroom & Swiss,beef,beef,770,40.0,17.0,2.0,135,1170,59,4,8,44
12,McDonald’s,Filet-O-Fish®,seafood,chicken,380,18.0,3.5,0.0,40,640,38,2,5,15
13,McDonald’s,McChicken ®,chicken,chicken,360,16.0,3.0,0.0,35,830,40,2,5,14
14,McDonald’s,McRib ®,beef,chicken,500,26.0,10.0,0.0,70,980,44,3,11,22
15,McDonald’s,Premium Grilled Chicken Classic Sandwich,chicken,chicken,360,9.0,2.0,0.0,65,820,41,4,8,27
16,McDonald’s,Premium Crispy Chicken Classic Sandwich,chicken,chicken,510,22.0,3.5,0.0,45,990,56,3,10,24
17,McDonald’s,Premium Grilled Chicken Club Sandwich,chicken,chicken,460,17.0,6.0,0.0,90,1040,43,4,9,35
18,McDonald’s,Premium Crispy Chicken Club Sandwich,chicken,chicken,620,29.0,7.0,0.0,70,1200,57,3,11,31
19,McDonald’s,Premium Grilled Chicken Ranch BLT Sandwich,chicken,chicken,380,10.0,3.0,0.0,75,1000,41,4,9,31
20,McDonald’s,Premium Crispy Chicken Ranch BLT Sandwich,chicken,chicken,540,23.0,4.5,0.0,55,1160,56,3,11,27
21,McDonald’s,Southern Style Crispy Chicken Sandwich,chicken,chicken,400,17.0,3.0,0.0,45,1030,39,1,6,24
22,McDonald’s,Ranch Snack Wrap® (Crispy),chicken,chicken,340,17.0,4.5,0.0,30,810,33,1,2,14
23,McDonald’s,Ranch Snack Wrap® (Grilled),chicken,chicken,270,10.0,4.0,0.0,45,830,26,1,2,18
24,McDonald’s,Honey Mustard Snack Wrap® (Crispy),chicken,chicken,330,16.0,4.5,0.0,30,780,34,1,4,14
25,McDonald’s,Honey Mustard Snack Wrap® (Grilled),chicken,chicken,260,9.0,3.5,0.0,45,800,27,1,4,18
26,McDonald’s,Chipotle BBQ Snack Wrap® (Crispy),chicken,chicken,330,15.0,4.5,0.0,30,810,35,1,4,14
27,McDonald’s,Chipotle BBQ Snack Wrap® (Grilled),chicken,chicken,260,9.0,3.5,0.0,45,830,28,1,5,18
28,McDonald’s,Angus Bacon & Cheese Snack Wrap,beef,beef,390,21.0,9.0,1.0,75,1080,28,1,4,21
29,McDonald’s,Angus Chipotle BBQ Bacon,beef,beef,800,39.0,18.0,2.0,145,2020,66,4,16,45
30,McDonald’s,Angus Chipotle BBQ Bacon Snack Wrap,beef,beef,400,22.0,10.0,1.0,75,1060,30,1,6,21
31,McDonald’s,Angus Deluxe Snack Wrap,beef,beef,410,25.0,10.0,1.5,75,990,27,2,3,20
32,McDonald’s,Angus Mushroom & Swiss Snack Wrap,beef,beef,430,26.0,10.0,1.5,75,730,27,2,2,22
33,McDonald’s,Mac Snack Wrap,beef,beef,330,19.0,7.0,1.0,45,690,26,1,3,15
34,McDonald’s,Small French Fries,vegetarian,vegetarian,230,11.0,1.5,0.0,0,160,29,3,0,3
35,McDonald’s,Medium French Fries,vegetarian,vegetarian,380,19.0,2.5,0.0,0,270,48,5,0,4
36,McDonald’s,Large French Fries,vegetarian,vegetarian,500,25.0,3.5,0.0,0,350,63,6,0,6
39,McDonald’s,Chicken McNuggets® (4 piece),chicken,chicken,190,12.0,2.0,0.0,25,360,12,1,0,9
40,McDonald’s,Chicken McNuggets® (6 piece),chicken,chicken,280,18.0,3.0,0.0,40,540,18,1,0,13
41,McDonald’s,Chicken McNuggets® (10 piece),chicken,chicken,470,30.0,5.0,0.0,65,900,30,2,0,22
46,McDonald’s,Chicken Selects® Premium Breast Strips (3 pc),chicken,chicken,400,24.0,3.5,0.0,50,1010,23,0,0,23
47,McDonald’s,Chicken Selects® Premium Breast Strips (5 pc),chicken,chicken,660,40.0,6.0,0.0,85,1680,39,0,0,38
52,McDonald’s,Premium Southwest Salad with Grilled Chicken,chicken,chicken,320,9.0,3.0,0.0,70,960,30,6,11,30
53,McDonald’s,Premium Southwest Salad with Crispy Chicken,chicken,chicken,430,20.0,4.0,0.0,55,920,38,6,12,26
54,McDonald’s,Premium Southwest Salad (without chicken),chicken,vegetarian,140,4.5,2.0,0.0,10,150,20,6,6,6
55,McDonald’s,Premium Bacon Ranch Salad with Grilled Chicken,chicken,chicken,260,9.0,4.0,0.0,90,1010,12,3,5,33
56,McDonald’s,Premium Bacon Ranch Salad with Crispy Chicken,chicken,chicken,370,20.0,6.0,0.0,75,970,20,3,6,29
57,McDonald’s,Premium Bacon Ranch Salad (without chicken),chicken,vegetarian,140,7.0,3.5,0.0,25,300,10,3,4,9
58,McDonald’s,Premium Caesar Salad with Grilled Chicken,chicken,chicken,220,6.0,3.0,0.0,75,890,12,3,5,30
59,McDonald’s,Premium Caesar Salad with Crispy Chicken,chicken,chicken,330,17.0,4.5,0.0,60,840,20,3,6,26
60,McDonald’s,Premium Caesar Salad (without chicken),chicken,vegetarian,90,4.0,2.5,0.0,10,180,9,3,4,7
61,McDonald’s,Side Salad,vegetarian,drink,20,0.0,0.0,0.0,0,10,4,1,2,1
63,McDonald’s,Snack Size Fruit & Walnut Salad,vegetarian,vegetarian,210,8.0,1.5,0.0,5,60,31,2,25,4
69,McDonald’s,Egg McMuffin®,vegetarian,pork,300,12.0,5.0,0.0,260,820,30,2,3,18
70,McDonald’s,Sausage McMuffin®,pork,chicken,370,22.0,8.0,0.0,45,850,29,2,2,14
71,McDonald’s,Sausage McMuffin® with Egg,pork,pork,450,27.0,10.0,0.0,285,920,30,2,2,21
73,McDonald’s,"Bacon, Egg & Cheese Biscuit (Regular Size Biscuit)",pork,pork,420,23.0,12.0,0.0,235,1160,37,2,3,15
74,McDonald’s,"Bacon, Egg & Cheese Biscuit (Large Size Biscuit)",pork,pork,480,27.0,12.0,0.0,235,1270,43,3,4,15
75,McDonald’s,Sausage Biscuit with Egg (Regular Size Biscuit),pork,pork,510,33.0,14.0,0.0,250,1170,36,2,2,18
76,McDonald’s,Sausage Biscuit with Egg (Large Size Biscuit),pork,pork,570,37.0,15.0,0.0,250,1280,42,3,3,18
77,McDonald’s,Sausage Biscuit (Regular Size Biscuit),pork,beef,430,27.0,12.0,0.0,30,1080,34,2,2,11
78,McDonald’s,Sausage Biscuit (Large Size Biscuit),pork,beef,480,31.0,13.0,0.0,30,1190,39,3,3,11
79,McDonald’s,Southern Style Chicken Biscuit (Regular Size Biscuit),chicken,chicken,410,20.0,8.0,0.0,30,1180,41,2,3,17
80,McDonald’s,Southern Style Chicken Biscuit (Large Size Biscuit),chicken,chicken,470,24.0,9.0,0.0,30,1290,46,3,4,17
81,McDonald’s,"Steak, Egg & Cheese Bagel",beef,pork,660,33.0,12.0,1.0,300,1580,56,3,7,33
82,McDonald’s,"Bacon, Egg & Cheese McGriddles®",pork,pork,420,18.0,8.0,0.0,240,1110,48,2,15,15
83,McDonald’s,"Sausage, Egg & Cheese McGriddles®",pork,pork,560,32.0,12.0,0.0,265,1360,48,2,15,20
84,McDonald’s,Sausage McGriddles®,pork,chicken,420,22.0,8.0,0.0,35,1030,44,2,15,11
89,McDonald’s,Sausage Burrito,pork,pork,300,16.0,7.0,0.0,115,830,26,1,2,12
90,McDonald’s,McSkillet™ Burrito with Sausage,pork,pork,610,36.0,14.0,0.5,410,1390,44,3,4,27
92,McDonald’s,Hotcakes and Sausage,pork,chicken,520,24.0,7.0,0.0,50,930,61,3,14,15
95,McDonald’s,Hash Brown,vegetarian,vegetarian,150,9.0,1.5,0.0,0,310,15,2,0,1
98,McDonald’s,"Bacon, Egg & Cheese Bagel",pork,pork,560,27.0,9.0,0.5,260,1300,56,3,7,24
99,McDonald’s,Fruit & Maple Oatmeal,vegetarian,vegetarian,290,4.5,2.0,0.0,10,160,57,5,32,5
100,McDonald’s,Fruit & Maple Oatmeal without Brown Sugar,vegetarian,vegetarian,260,4.5,2.0,0.0,10,115,48,5,18,5
101,McDonald’s,Hamburger Happy Meal,beef,chicken,475,16.0,5.5,0.0,40,690,62,2,20,22
102,McDonald’s,4 Piece Chicken McNuggets Happy Meal,chicken,chicken,395,17.0,3.5,0.0,35,510,41,1,14,19
103,McDonald’s,6 Piece Chicken McNuggets® Happy Meal,chicken,chicken,475,22.0,4.5,0.0,50,680,46,2,14,24
104,McDonald’s,Fruit ‘n Yogurt Parfait (7 oz),vegetarian,drink,160,2.0,1.0,0.0,5,85,31,1,21,4
121,McDonald’s,Chocolate McCafé® Shake (12 fl oz cup),drink,drink,580,17.0,10.0,1.0,50,240,94,1,77,11
122,McDonald’s,Chocolate McCafé® Shake (16 fl oz cup),drink,drink,720,20.0,12.0,1.0,60,300,119,1,98,15
123,McDonald’s,Chocolate McCafé® Shake (22 fl oz cup),drink,drink,880,24.0,15.0,1.5,75,370,147,1,121,18
124,McDonald’s,Chocolate Triple Thick® Shake (12 fl oz cup),drink,drink,440,10.0,6.0,0.5,40,190,76,1,63,10
125,McDonald’s,Chocolate Triple Thick® Shake (16 fl oz cup),drink,drink,580,14.0,8.0,1.0,50,250,102,1,84,13
126,McDonald’s,Chocolate Triple Thick® Shake (21 fl oz cup),drink,drink,770,18.0,11.0,1.0,70,330,134,1,111,18
127,McDonald’s,Chocolate Triple Thick® Shake (32 fl oz cup),drink,drink,1160,27.0,16.0,2.0,100,510,203,2,168,27
130,McDonald’s,Strawberry McCafé® Shake (12 fl oz cup),drink,drink,570,17.0,10.0,1.0,50,170,92,0,79,11
131,McDonald’s,Strawberry McCafé® Shake (16 fl oz cup),drink,drink,710,20.0,12.0,1.0,65,210,116,0,100,14
132,McDonald’s,Strawberry McCafé® Shake (22 fl oz cup),drink,drink,860,24.0,15.0,1.5,75,260,144,0,124,18
133,McDonald’s,Strawberry Triple Thick® Shake (12 fl oz cup),drink,drink,420,10.0,6.0,0.5,40,130,73,0,63,10
134,McDonald’s,Strawberry Triple Thick® Shake (16 fl oz cup),drink,drink,560,13.0,8.0,1.0,50,170,97,0,84,13
135,McDonald’s,Strawberry Triple Thick® Shake (21 fl oz cup),drink,drink,740,18.0,11.0,1.0,70,230,128,0,111,17
136,McDonald’s,Strawberry Triple Thick® Shake (32 fl oz cup),drink,drink,1110,26.0,16.0,2.0,100,350,194,0,168,25
137,McDonald’s,Vanilla McCafé® Shake (12 fl oz cup),drink,drink,540,16.0,10.0,1.0,45,170,88,0,64,10
138,McDonald’s,Vanilla McCafé® Shake (16 fl oz cup),drink,drink,680,20.0,12.0,1.0,60,220,111,0,82,14
139,McDonald’s,Vanilla McCafé® Shake (22 fl oz cup),drink,drink,830,24.0,14.0,1.5,75,270,138,0,103,17
140,McDonald’s,Vanilla Triple Thick Shake® (32 fl oz cup),drink,drink,1110,26.0,16.0,2.0,100,370,193,0,145,25
141,McDonald’s,Vanilla Triple Thick® Shake (12 fl oz cup),drink,drink,420,10.0,6.0,0.5,40,140,72,0,54,9
142,McDonald’s,Vanilla Triple Thick® Shake (16 fl oz cup),drink,drink,550,13.0,8.0,1.0,50,190,96,0,72,13
143,McDonald’s,Vanilla Triple Thick® Shake (21 fl oz cup),drink,drink,740,18.0,11.0,1.0,70,250,128,0,96,17
147,McDonald’s,Dasani® Water,drink,drink,0,0.0,0.0,0.0,0,0,0,0,0,0
151,McDonald’s,Coca-Cola® Classic (Child),drink,drink,110,0.0,0.0,0.0,0,5,29,0,29,0
152,McDonald’s,Coca-Cola® Classic (Small),drink,drink,150,0.0,0.0,0.0,0,10,40,0,40,0
153,McDonald’s,Coca-Cola® Classic (Medium),drink,drink,210,0.0,0.0,0.0,0,15,58,0,58,0
154,McDonald’s,Coca-Cola® Classic (Large),drink,drink,310,0.0,0.0,0.0,0,20,86,0,86,0
155,McDonald’s,Diet Coke® (Child),drink,drink,0,0.0,0.0,0.0,0,15,0,0,0,0
156,McDonald’s,Diet Coke® (Small),drink,drink,0,0.0,0.0,0.0,0,20,0,0,0,0
157,McDonald’s,Diet Coke® (Medium),drink,drink,0,0.0,0.0,0.0,0,30,0,0,0,0
158,McDonald’s,Diet Coke® (Large),drink,drink,0,0.0,0.0,0.0,0,45,0,0,0,0
159,McDonald’s,Sprite® (Child),drink,drink,110,0.0,0.0,0.0,0,30,28,0,28,0
160,McDonald’s,Sprite® (Small),drink,drink,150,0.0,0.0,0.0,0,40,39,0,39,0
161,McDonald’s,Sprite® (Medium),drink,drink,210,0.0,0.0,0.0,0,55,56,0,56,0
162,McDonald’s,Sprite® (Large),drink,drink,310,0.0,0.0,0.0,0,80,83,0,83,0
171,McDonald’s,Iced Tea (Child),drink,drink,0,0.0,0.0,0.0,0,5,0,0,0,0
172,McDonald’s,Iced Tea (Small),drink,drink,0,0.0,0.0,0.0,0,10,0,0,0,0
173,McDonald’s,Iced Tea (Medium),drink,drink,0,0.0,0.0,0.0,0,15,0,0,0,0
174,McDonald’s,Iced Tea (Large),drink,drink,0,0.0,0.0,0.0,0,20,1,0,0,0
175,McDonald’s,Coffee (Small),drink,drink,0,0.0,0.0,0.0,0,0,0,0,0,0
176,McDonald’s,Coffee (Large),drink,drink,0,0.0,0.0,0.0,0,0,0,0,0,0
177,McDonald’s,Coffee Cream,drink,drink,20,2.0,1.5,0.0,10,15,0,0,0,0
181,McDonald’s,Iced Coffee– Caramel (Small),drink,drink,130,5.0,3.5,0.0,20,80,21,0,20,1
182,McDonald’s,Iced Coffee– Caramel (Medium),drink,drink,190,8.0,5.0,0.0,30,115,27,0,27,2
183,McDonald’s,Iced Coffee– Caramel (Large),drink,drink,270,11.0,7.0,0.0,40,160,41,0,41,2
184,McDonald’s,Iced Coffee– Hazelnut (Small),drink,drink,130,5.0,3.5,0.0,20,40,21,0,21,1
185,McDonald’s,Iced Coffee– Hazelnut (Medium),drink,drink,190,8.0,5.0,0.0,30,60,29,0,29,2
186,McDonald’s,Iced Coffee– Hazelnut (Large),drink,drink,270,11.0,7.0,0.0,40,85,43,0,43,2
187,McDonald’s,Iced Coffee– Regular (Small),drink,drink,140,5.0,3.5,0.0,20,40,22,0,22,1
188,McDonald’s,Iced Coffee– Regular (Medium),drink,drink,200,8.0,5.0,0.0,30,60,30,0,30,2
189,McDonald’s,Iced Coffee– Regular (Large),drink,drink,280,11.0,7.0,0.0,40,85,45,0,45,2
190,McDonald’s,Iced Coffee– Vanilla (Small),drink,drink,130,5.0,3.5,0.0,20,40,21,0,21,1
191,McDonald’s,Iced Coffee– Vanilla (Medium),drink,drink,190,8.0,5.0,0.0,30,60,29,0,28,2
192,McDonald’s,Iced Coffee– Vanilla (Large),drink,drink,270,11.0,7.0,0.0,40,80,43,0,43,2
193,McDonald’s,Iced Coffee with Sugar Free Vanilla Syrup (Small),drink,drink,60,5.0,3.5,0.0,20,70,8,0,1,1
194,McDonald’s,Iced Coffee with Sugar Free Vanilla Syrup (Medium),drink,drink,90,8.0,5.0,0.0,30,100,11,0,2,2
195,McDonald’s,Iced Coffee with Sugar Free Vanilla Syrup (Large),drink,drink,120,11.0,7.0,0.0,40,140,16,0,2,2
196,McDonald’s,Sweet Tea (Child),drink,drink,110,0.0,0.0,0.0,0,5,27,0,27,0
197,McDonald’s,Sweet Tea (Large),drink,drink,280,0.0,0.0,0.0,0,15,69,0,69,1
198,McDonald’s,Sweet Tea (Medium),drink,drink,180,0.0,0.0,0.0,0,10,45,0,45,1
199,McDonald’s,Sweet Tea (Small),drink,drink,150,0.0,0.0,0.0,0,10,36,0,36,1
203,McDonald’s,Nonfat Latte (Small),drink,drink,90,0.0,0.0,0.0,5,115,13,0,13,9
204,McDonald’s,Nonfat Latte (Medium),drink,drink,110,0.0,0.0,0.0,5,140,15,0,15,10
205,McDonald’s,Nonfat Latte (Large),drink,drink,120,0.0,0.0,0.0,5,160,18,0,18,12
209,McDonald’s,Nonfat Caramel Latte (Small),drink,drink,170,0.0,0.0,0.0,5,150,36,0,36,7
210,McDonald’s,Nonfat Caramel Latte (Medium),drink,drink,220,0.0,0.0,0.0,5,180,45,0,45,9
211,McDonald’s,Nonfat Caramel Latte (Large),drink,drink,260,0.0,0.0,0.0,5,220,53,0,53,10
215,McDonald’s,Nonfat Hazelnut Latte (Small),drink,drink,180,0.0,0.0,0.0,5,95,37,0,37,7
216,McDonald’s,Nonfat Hazelnut Latte (Medium),drink,drink,220,0.0,0.0,0.0,5,115,46,0,46,9
217,McDonald’s,Nonfat Hazelnut Latte (Large),drink,drink,260,0.0,0.0,0.0,5,135,55,0,55,10
221,McDonald’s,Nonfat Vanilla Latte (Small),drink,drink,180,0.0,0.0,0.0,5,95,37,0,37,7
222,McDonald’s,Nonfat Vanilla Latte (Medium),drink,drink,220,0.0,0.0,0.0,5,115,46,0,46,9
223,McDonald’s,Nonfat Vanilla Latte (Large),drink,drink,260,0.0,0.0,0.0,5,135,55,0,55,10
227,McDonald’s,Nonfat Latte with Sugar Free Vanilla Syrup (Small),drink,drink,80,0.0,0.0,0.0,5,130,18,0,11,7
228,McDonald’s,Nonfat Latte with Sugar Free Vanilla Syrup (Medium),drink,drink,90,0.0,0.0,0.0,5,160,22,0,13,9
229,McDonald’s,Nonfat Latte with Sugar Free Vanilla Syrup (Large),drink,drink,110,0.0,0.0,0.0,5,190,27,0,15,11
236,McDonald’s,Iced Nonfat Latte (Small),drink,drink,50,0.0,0.0,0.0,5,70,7,0,7,5
237,McDonald’s,Iced Nonfat Latte (Medium),drink,drink,60,0.0,0.0,0.0,5,90,9,0,9,6
238,McDonald’s,Iced Nonfat Latte (Large),drink,drink,70,0.0,0.0,0.0,5,105,11,0,11,7
239,McDonald’s,Iced Nonfat Caramel Latte (Small),drink,drink,140,0.0,0.0,0.0,0,105,30,0,30,3
240,McDonald’s,Iced Nonfat Caramel Latte (Medium),drink,drink,150,0.0,0.0,0.0,5,120,32,0,32,5
241,McDonald’s,Iced Nonfat Caramel Latte (Large),drink,drink,190,0.0,0.0,0.0,5,150,40,0,40,6
242,McDonald’s,Iced Nonfat Hazelnut Latte (Small),drink,drink,140,0.0,0.0,0.0,0,50,32,0,32,3
243,McDonald’s,Iced Nonfat Hazelnut Latte (Medium),drink,drink,150,0.0,0.0,0.0,5,70,33,0,33,5
244,McDonald’s,Iced Nonfat Hazelnut Latte (Large),drink,drink,190,0.0,0.0,0.0,5,80,42,0,42,6
245,McDonald’s,Iced Nonfat Vanilla Latte (Small),drink,drink,140,0.0,0.0,0.0,0,50,31,0,31,3
246,McDonald’s,Iced Nonfat Vanilla Latte (Medium),drink,drink,150,0.0,0.0,0.0,5,70,33,0,33,5
247,McDonald’s,Iced Nonfat Vanilla Latte (Large),drink,drink,190,0.0,0.0,0.0,5,85,41,0,41,6
248,McDonald’s,Iced Nonfat Latte with Sugar Free Vanilla Syrup (Small),drink,drink,40,0.0,0.0,0.0,0,85,13,0,5,4
249,McDonald’s,Iced Nonfat Latte with Sugar Free Vanilla Syrup (Medium),drink,drink,50,0.0,0.0,0.0,5,100,14,0,6,5
250,McDonald’s,Iced Nonfat Latte with Sugar Free Vanilla Syrup (Large),drink,drink,60,0.0,0.0,0.0,5,130,19,0,8,6
261,McDonald’s,Latte (Small) ,drink,drink,150,8.0,4.5,0.0,25,105,11,0,11,8
262,McDonald’s,Latte (Medium),drink,drink,180,10.0,6.0,0.0,30,130,13,0,13,10
263,McDonald’s,Latte (Large),drink,drink,210,11.0,7.0,0.0,35,150,16,0,16,11
267,McDonald’s,Caramel Latte (Small),drink,drink,230,7.0,4.0,0.0,20,140,35,0,35,7
268,McDonald’s,Caramel Latte (Medium),drink,drink,280,8.0,4.5,0.0,25,170,43,0,43,8
269,McDonald’s,Caramel Latte (Large),drink,drink,330,9.0,5.0,0.0,30,210,52,0,51,9
273,McDonald’s,Hazelnut Latte (Small),drink,drink,230,7.0,4.0,0.0,20,90,36,0,36,7
274,McDonald’s,Hazelnut Latte (Medium),drink,drink,280,8.0,4.5,0.0,25,110,45,0,45,8
275,McDonald’s,Hazelnut Latte (Large),drink,drink,330,9.0,5.0,0.0,30,130,53,0,53,9
279,McDonald’s,Vanilla Latte (Small),drink,drink,230,7.0,4.0,0.0,20,90,36,0,36,7
280,McDonald’s,Vanilla Latte (Medium),drink,drink,280,8.0,4.5,0.0,25,110,44,0,44,8
281,McDonald’s,Vanilla Latte (Large),drink,drink,330,9.0,5.0,0.0,30,130,53,0,53,9
285,McDonald’s,Latte with Sugar Free Vanilla Syrup (Small),drink,drink,130,7.0,4.0,0.0,20,125,17,0,10,7
286,McDonald’s,Latte with Sugar Free Vanilla Syrup (Medium),drink,drink,160,8.0,5.0,0.0,25,150,21,0,11,8
287,McDonald’s,Latte with Sugar Free Vanilla Syrup (Large),drink,drink,180,10.0,6.0,0.0,30,180,25,0,13,10
294,McDonald’s,Iced Latte (Small),drink,drink,80,4.5,2.5,0.0,15,65,6,0,6,4
295,McDonald’s,Iced Latte (Medium),drink,drink,100,6.0,3.5,0.0,15,80,8,0,8,6
296,McDonald’s,Iced Latte (Large),drink,drink,140,8.0,4.5,0.0,25,105,10,0,10,7
297,McDonald’s,Iced Caramel Latte (Small),drink,drink,160,3.0,1.5,0.0,10,100,29,0,29,3
298,McDonald’s,Iced Caramel Latte (Medium),drink,drink,180,4.5,2.5,0.0,15,120,31,0,31,4
299,McDonald’s,Iced Caramel Latte (Large),drink,drink,230,6.0,3.5,0.0,15,150,40,0,40,6
300,McDonald’s,Iced Hazelnut Latte (Small),drink,drink,160,3.0,1.5,0.0,10,45,31,0,31,3
301,McDonald’s,Iced Hazelnut Latte (Medium),drink,drink,180,4.5,2.5,0.0,15,65,33,0,33,4
302,McDonald’s,Iced Hazelnut Latte (Large),drink,drink,230,6.0,3.5,0.0,15,85,41,0,41,6
303,McDonald’s,Iced Vanilla Latte (Small),drink,drink,160,3.0,1.5,0.0,10,45,31,0,31,3
304,McDonald’s,Iced Vanilla Latte (Medium),drink,drink,190,4.5,2.5,0.0,15,70,33,0,33,5
305,McDonald’s,Iced Vanilla Latte (Large),drink,drink,230,6.0,3.5,0.0,15,85,41,0,41,6
306,McDonald’s,Iced Latte with Sugar Free Vanilla Syrup (Small),drink,drink,60,3.0,2.0,0.0,10,80,12,0,4,3
307,McDonald’s,Iced Latte with Sugar Free Vanilla Syrup (Medium),drink,drink,90,5.0,3.0,0.0,15,105,14,0,6,5
308,McDonald’s,Iced Latte with Sugar Free Vanilla Syrup (Large),drink,drink,110,6.0,3.5,0.0,15,130,19,0,8,6
329,Burger King,Whopper® Sandwich with Cheese,beef,beef,740,46.0,16.0,2.0,115,1340,50,2,11,32
330,Burger King,Bacon & Cheese Whopper® Sandwich,pork,beef,790,51.0,17.0,2.0,125,1560,50,2,11,35
331,Burger King,Double Whopper® Sandwich,beef,beef,900,58.0,20.0,3.0,175,1050,49,2,11,48
332,Burger King,Double Whopper® Sandwich with Cheese,beef,beef,980,64.0,24.0,3.0,195,1410,50,2,11,52
333,Burger King,Triple Whopper® Sandwich,beef,beef,1130,75.0,28.0,4.0,255,1120,49,2,11,67
334,Burger King,Triple Whopper® Sandwich with Cheese,beef,beef,1220,82.0,32.0,4.5,280,1470,50,2,11,71
336,Burger King,Bacon King Sandwich,pork,beef,1150,79.0,31.0,3.5,240,2150,49,2,10,61
337,Burger King,Cheddar Bacon King Sandwich,pork,beef,1190,84.0,33.0,3.5,235,1930,50,2,11,64
338,Burger King,Single Quarter Pound King Sandwich,beef,beef,580,29.0,13.0,1.5,105,1310,49,2,10,32
339,Burger King,Double Quarter Pound King Sandwich,beef,beef,900,54.0,25.0,3.0,210,1740,50,2,11,56
340,Burger King,Single Stacker King,beef,beef,700,42.0,16.0,2.0,125,1360,48,1,10,35
341,Burger King,Double Stacker King,beef,beef,1050,68.0,28.0,3.5,235,1870,49,1,11,61
342,Burger King,IMPOSSIBLE Whopper® Sandwich,vegetarian,chicken,630,34.0,11.0,0.0,10,1080,58,4,12,25
343,Burger King,Hamburger,beef,beef,240,10.0,3.5,0.5,35,380,26,1,6,13
344,Burger King,Cheeseburger,beef,beef,280,13.0,6.0,0.5,45,560,27,1,7,15
345,Burger King,Double Hamburger,beef,beef,350,18.0,7.0,1.0,70,410,26,1,6,21
346,Burger King,Double Cheeseburger,beef,beef,390,21.0,9.0,1.5,85,590,27,1,7,23
347,Burger King,Extra Long Cheeseburger,beef,beef,630,37.0,14.0,1.5,100,1050,45,2,9,29
348,Burger King,Bacon Cheeseburger,beef,beef,320,16.0,7.0,0.5,55,710,27,1,7,17
349,Burger King,Bacon Double Cheeseburger,beef,beef,420,24.0,10.0,1.5,90,740,27,1,7,25
350,Burger King,Crispy Chicken Sandwich,chicken,chicken,670,41.0,7.0,0.0,60,1080,54,2,8,23
351,Burger King,Spicy Crispy Chicken Sandwich,chicken,chicken,700,42.0,7.0,0.0,65,1140,57,3,8,25
352,Burger King,Original Chicken Sandwich,chicken,chicken,660,40.0,7.0,0.0,75,1170,48,2,5,28
353,Burger King,Bacon & Cheese Crispy Chicken Sandwich,chicken,chicken,800,52.0,13.0,1.0,95,1650,55,2,8,30
354,Burger King,BBQ Bacon Crispy Chicken Sandwich,chicken,chicken,790,49.0,10.0,0.5,80,1630,60,2,13,28
355,Burger King,Crispy Chicken Jr.,chicken,chicken,450,30.0,5.0,0.0,30,780,34,2,5,12
356,Burger King,Spicy Crispy Chicken Jr.,chicken,chicken,390,21.0,3.5,0.0,30,740,37,2,6,12
357,Burger King,Chicken Nuggets- 4pc,chicken,chicken,170,11.0,1.5,0.0,25,310,11,1,0,8
358,Burger King,Chicken Nuggets- 6pc,chicken,chicken,260,16.0,2.5,0.0,35,470,16,1,0,12
359,Burger King,Chicken Nuggets- 10pc,chicken,chicken,430,27.0,4.5,0.0,55,780,27,2,0,20
360,Burger King,Chicken Nuggets- 20pc,chicken,chicken,860,54.0,9.0,0.0,115,1570,53,3,1,39
361,Burger King,Spicy Chicken Nuggets- 4pc,chicken,chicken,210,15.0,3.0,0.0,20,570,11,2,0,8
362,Burger King,Spicy Chicken Nuggets- 6pc,chicken,chicken,320,22.0,4.5,0.0,35,850,17,3,0,12
363,Burger King,Spicy Chicken Nuggets- 10 pc,chicken,chicken,530,37.0,7.0,0.0,55,1420,28,4,1,20
364,Burger King,Spicy Chicken Nuggets- 20 pc,chicken,chicken,1050,74.0,15.0,0.0,110,2840,56,9,1,40
365,Burger King,Chicken Fries – 9 pc.,chicken,chicken,280,17.0,2.5,0.0,35,850,20,1,1,13
367,Burger King,BIG FISH Sandwich,seafood,chicken,510,28.0,4.5,0.0,30,1180,51,2,7,16
368,Burger King,Garden Chicken Salad with Crispy Chicken – no dressing,chicken,chicken,440,25.0,7.0,0.0,75,930,31,3,4,25
369,Burger King,Club Salad with Crispy Chicken – no dressing,chicken,chicken,540,33.0,10.0,0.0,95,1380,31,3,5,31
370,Burger King,Garden Side Salad – w/o dressing,vegetarian,drink,60,4.0,2.5,0.0,10,95,3,1,2,4
379,Burger King,French Fries – value (unsalted),vegetarian,vegetarian,220,9.0,1.5,0.0,0,210,34,3,1,2
380,Burger King,French Fries – small,vegetarian,vegetarian,320,13.0,2.0,0.0,0,300,49,5,1,4
381,Burger King,French Fries – medium,vegetarian,vegetarian,380,16.0,2.0,0.0,0,360,58,6,1,4
382,Burger King,French Fries – large,vegetarian,vegetarian,430,18.0,2.5,0.0,0,410,66,7,2,5
384,Burger King,Chicken Nuggets- 4pc,chicken,chicken,170,11.0,1.5,0.0,25,310,11,1,0,8
385,Burger King,Chicken Nuggets- 6pc,chicken,chicken,260,16.0,2.5,0.0,35,470,16,1,0,12
386,Burger King,Hamburger,beef,beef,240,10.0,3.5,0.5,35,380,26,1,6,13
387,Burger King,Cheeseburger,beef,beef,280,13.0,6.0,0.5,45,560,27,1,7,15
397,Burger King,OREO® Cookie Cheesecake,vegetarian,drink,350,18.0,8.0,0.0,35,310,41,1,25,6
403,Burger King,CROISSAN’WICH® Egg & Cheese,vegetarian,pork,340,18.0,8.0,0.0,160,610,29,1,4,12
404,Burger King,"CROISSAN’WICH® Sausage, Egg & Cheese",pork,pork,500,33.0,13.0,0.0,195,930,30,1,4,19
405,Burger King,"CROISSAN’WICH® Ham, Egg & Cheese",vegetarian,pork,370,19.0,8.0,0.0,175,1030,30,1,5,17
406,Burger King,"CROISSAN’WICH® Bacon, Egg & Cheese",pork,pork,370,21.0,9.0,0.0,170,760,30,1,4,14
408,Burger King,Double CROISSAN’WICH® with Sausage & Bacon,beef,pork,580,40.0,16.0,0.5,215,1260,31,1,5,23
409,Burger King,Double CROISSAN’WICH® with Sausage,beef,pork,710,52.0,20.0,0.5,240,1420,31,1,5,29
410,Burger King,Double CROISSAN’WICH® with Ham & Sausage,beef,pork,580,38.0,16.0,0.5,220,1530,31,1,5,27
412,Burger King,"Ham, Egg, & Cheese Biscuit",vegetarian,pork,400,24.0,12.0,0.0,175,1550,29,1,3,17
413,Burger King,"Sausage, Egg, & Cheese Biscuit",pork,pork,530,38.0,17.0,0.0,195,1440,29,1,3,19
414,Burger King,"Bacon, Egg & Cheese Biscuit",pork,pork,400,26.0,13.0,0.0,170,1270,29,1,3,13
415,Burger King,Sausage Biscuit,pork,chicken,420,28.0,6.0,0.0,35,1050,28,1,2,12
417,Burger King,EGG-NORMOUS BURRITOΡ,vegetarian,pork,780,42.0,15.0,0.0,355,1960,68,3,4,32
418,Burger King,BK™ Ultimate Breakfast Platter,pork,pork,930,44.0,11.0,0.0,390,2230,110,4,40,24
419,Burger King,NY Ultimate Platter (Regional menu item),pork,pork,900,46.0,12.0,0.0,380,1760,95,5,31,25
420,Burger King,Pancake and Sausage platter,pork,pork,610,31.0,9.0,0.0,80,1010,72,1,30,12
421,Burger King,Hash Browns – small,vegetarian,vegetarian,250,16.0,3.5,0.0,0,580,24,3,0,2
422,Burger King,Hash Browns – medium,vegetarian,vegetarian,500,33.0,7.0,0.0,0,1140,48,7,0,4
423,Burger King,Hash Browns – large,vegetarian,vegetarian,670,44.0,9.0,0.0,0,1530,65,9,0,5
426,Burger King,American Cheese (slice),vegetarian,drink,40,3.5,2.0,0.0,10,180,1,0,0,2
439,Burger King,Oreo® Shake,drink,drink,720,20.0,12.0,0.5,65,540,118,1,98,16
440,Burger King,Chocolate Oreo® Shake,drink,drink,740,22.0,13.0,0.5,70,680,121,1,101,17
441,Burger King,Vanilla Milk Shake,drink,drink,580,15.0,10.0,0.0,60,420,98,0,85,14
442,Burger King,HERSHEY®’S Chocolate Milk Shake,drink,drink,610,16.0,10.0,0.0,60,500,103,1,88,14
443,Burger King,Strawberry Milk Shake,drink,drink,640,15.0,10.0,0.0,60,440,113,0,99,14
489,Burger King,BK® Café Coffee- 12 fl oz,drink,drink,0,0.0,0.0,0.0,0,0,0,0,0,0
490,Burger King,BK® Café Coffee- 16 fl oz,drink,drink,0,0.0,0.0,0.0,0,0,0,0,0,0
491,Burger King,BK® Café Coffee- 20 fl oz,drink,drink,0,0.0,0.0,0.0,0,0,0,0,0,0
492,Burger King,BK® Café Decaf Coffee- 12 fl oz,drink,drink,0,0.0,0.0,0.0,0,0,0,0,0,0
493,Burger King,BK® Café Decaf Coffee- 16 fl oz,drink,drink,0,0.0,0.0,0.0,0,0,0,0,0,0
494,Burger King,BK® Café Decaf Coffee- 20 fl oz,drink,drink,0,0.0,0.0,0.0,0,0,0,0,0,0
495,Burger King,BK® Café Iced Vanilla Coffee- 12 fl oz,drink,drink,150,8.0,4.0,0.0,25,30,21,0,21,1
496,Burger King,BK® Café Iced Vanilla Coffee- 16 fl oz,drink,drink,200,10.0,5.0,0.0,30,40,27,0,27,2
497,Burger King,BK® Café Iced Vanilla Coffee- 20 fl oz,drink,drink,260,13.0,7.0,0.0,40,50,34,0,34,2
498,Burger King,BK® Café Iced Mocha Coffee- 12 fl oz,drink,drink,180,8.0,4.0,0.0,25,40,27,1,25,2
499,Burger King,BK® Café Iced Mocha Coffee- 16 fl oz,drink,drink,240,10.0,6.0,0.0,30,55,35,1,32,2
500,Burger King,BK® Café Iced Mocha Coffee- 20 fl oz,drink,drink,300,13.0,7.0,0.0,40,70,45,2,41,3
507,Wendy’s,Baconator,pork,beef,950,62.0,24.0,3.0,205,1630,40,2,8,59
508,Wendy’s,Dave’s Double,beef,beef,810,51.0,20.0,3.0,175,1280,41,3,8,49
509,Wendy’s,Dave’s Single,beef,beef,570,34.0,13.0,1.5,100,1110,40,3,9,30
510,Wendy’s,Dave’s Triple,beef,beef,1090,72.0,30.0,4.0,260,1650,43,3,9,71
511,Wendy’s,Double Stack,beef,beef,390,21.0,9.0,1.5,90,740,26,1,6,25
512,Wendy’s,Jr. Bacon Cheeseburger,beef,beef,380,22.0,8.0,1.0,65,680,25,1,5,19
513,Wendy’s,Jr. Cheeseburger,beef,beef,280,13.0,6.0,1.0,50,660,26,1,6,16
514,Wendy’s,Jr. Cheeseburger Deluxe,beef,beef,340,19.0,7.0,1.0,55,660,27,2,7,16
515,Wendy’s,Son of Baconator,pork,beef,630,39.0,15.0,1.5,125,1280,37,2,7,34
516,Wendy’s,3 Piece Chicken Tenders,chicken,chicken,330,16.0,2.5,0.0,75,1010,22,0,0,24
517,Wendy’s,4 Piece Chicken Nuggets,chicken,chicken,170,11.0,2.0,0.0,35,340,10,0,0,9
518,Wendy’s,4 Piece Chicken Tenders,chicken,chicken,430,21.0,3.5,0.0,100,1350,29,0,1,32
519,Wendy’s,6 Picece Chicken Nuggets,chicken,chicken,250,16.0,3.5,0.0,50,510,14,1,0,13
520,Wendy’s,6 Piece Chicken Tenders,chicken,chicken,650,32.0,5.0,0.0,150,2020,43,0,1,48
521,Wendy’s,10 Piece Chicken Nuggets,chicken,chicken,420,27.0,5.0,0.0,80,850,24,1,0,22
522,Wendy’s,Crispy Chicken BLT,chicken,chicken,420,23.0,6.0,0.0,50,950,35,2,5,20
523,Wendy’s,Crispy Chicken Sandwich,chicken,chicken,330,16.0,3.0,0.0,30,600,33,2,4,14
525,Wendy’s,Grilled Chicken Sandwich,chicken,chicken,370,10.0,2.0,0.0,90,830,38,3,8,34
526,Wendy’s,Grilled Chicken Wrap,chicken,chicken,270,10.0,3.5,0.0,55,640,24,2,3,20
527,Wendy’s,Homestyle Asiago Ranch Chicken Club,chicken,chicken,660,34.0,9.0,0.0,100,1650,52,3,7,38
528,Wendy’s,Homestyle Chicken Sandwich,chicken,chicken,510,22.0,4.0,0.0,70,1150,51,3,6,28
531,Wendy’s,Spicy Chicken Sandwich,chicken,chicken,510,20.0,3.5,0.0,65,1030,54,4,6,29
532,Wendy’s,Spicy Chicken Wrap,chicken,chicken,370,20.0,5.0,0.0,50,850,30,2,2,18
533,Wendy’s,"Apple Pecan Chicken Salad, Full Size",chicken,chicken,560,24.0,7.0,0.0,115,1020,52,7,40,38
534,Wendy’s,"Apple Pecan Chicken Salad, Half Size",chicken,chicken,340,17.0,4.0,0.0,55,550,29,4,22,20
535,Wendy’s,"Berry Burst Chicken Salad, Full Size",chicken,chicken,460,17.0,4.5,0.0,105,1090,41,7,29,41
536,Wendy’s,"Berry Burst Chicken Salad, Half Size",chicken,chicken,290,13.0,2.5,0.0,50,570,23,5,15,23
537,Wendy’s,Caesar Side Salad,vegetarian,vegetarian,240,15.0,4.0,0.0,30,500,19,3,4,8
538,Wendy’s,Garden Side Salad,vegetarian,chicken,250,18.0,4.0,0.0,20,460,18,2,4,7
539,Wendy’s,"Southwest Avocado Chicken Salad, Full Size",chicken,chicken,600,41.0,11.0,0.0,135,1220,18,7,7,42
540,Wendy’s,"Southwest Avocado Chicken Salad, Half Size",chicken,chicken,300,20.0,6.0,0.0,70,620,10,4,4,21
541,Wendy’s,"Spicy Caesar Chicken Salad, Full Size",chicken,beef,720,42.0,12.0,1.0,150,1680,44,8,6,42
542,Wendy’s,"Spicy Caesar Chicken Salad, Half Size",chicken,chicken,410,23.0,6.0,0.5,75,930,30,5,4,23
543,Wendy’s,"Taco Salad, Full Size",vegetarian,vegetarian,660,32.0,13.0,1.0,85,1820,63,10,18,32
544,Wendy’s,"Taco Salad, Half Size",vegetarian,vegetarian,470,23.0,8.0,0.5,45,1320,49,7,12,19
546,Wendy’s,Baconator Fries,pork,beef,490,28.0,9.0,0.0,35,550,45,4,2,14
547,Wendy’s,Bacon Cheese Baked Potato,pork,vegetarian,440,14.0,6.0,0.0,35,550,64,7,4,17
548,Wendy’s,Cheese Baked Potato,vegetarian,vegetarian,430,13.0,7.0,0.0,30,560,65,7,5,14
549,Wendy’s,Chili & Cheese Baked Potato,vegetarian,vegetarian,460,11.0,5.0,0.0,35,710,71,8,7,19
550,Wendy’s,"Chili, Large",vegetarian,chicken,250,7.0,3.0,0.5,50,1170,23,5,9,23
551,Wendy’s,"Chili, Small",vegetarian,chicken,170,5.0,2.0,0.0,35,780,16,4,6,15
552,Wendy’s,Chili Cheese Fries,vegetarian,vegetarian,500,25.0,8.0,0.5,35,710,53,6,4,16
553,Wendy’s,"Natural-Cut Fries, Junior",vegetarian,vegetarian,230,10.0,2.0,0.0,0,15,30,3,0,3
554,Wendy’s,"Natural-Cut Fries, Large",vegetarian,vegetarian,530,24.0,4.5,0.0,0,520,70,6,0,7
555,Wendy’s,"Natural-Cut Fries, Medium",vegetarian,vegetarian,420,19.0,3.5,0.0,0,420,56,5,0,6
556,Wendy’s,"Natural-Cut Fries, Small",vegetarian,vegetarian,320,15.0,2.5,0.0,0,320,43,4,0,5
557,Wendy’s,Plain Baked Potato,vegetarian,vegetarian,270,0.0,0.0,0.0,0,25,61,7,3,7
558,Wendy’s,Sour Cream and Chive Baked Potato,vegetarian,vegetarian,310,2.5,2.5,0.0,10,35,63,7,4,8
559,Wendy’s,Summer Berry Burst Fruit Cup,vegetarian,drink,20,0.0,0.0,0.0,0,0,5,1,3,0
562,Wendy’s,"All-Natural Lemonade, Large",drink,drink,380,0.0,0.0,0.0,0,0,100,0,93,0
563,Wendy’s,"All-Natural Lemonade, Medium",drink,drink,330,0.0,0.0,0.0,0,0,86,0,81,0
564,Wendy’s,"All-Natural Lemonade, Small",drink,drink,190,0.0,0.0,0.0,0,0,50,0,47,0
565,Wendy’s,"Apple Kiwi Fruit Tea, Large",vegetarian,drink,330,0.0,0.0,0.0,0,60,83,0,80,0
566,Wendy’s,"Apple Kiwi Fruit Tea, Medium",vegetarian,drink,300,0.0,0.0,0.0,0,50,76,0,73,0
567,Wendy’s,"Apple Kiwi Fruit Tea, Small",vegetarian,drink,170,0.0,0.0,0.0,0,30,44,0,42,0
571,Wendy’s,"Brewed Unsweetened Iced Tea, Large",drink,drink,5,0.0,0.0,0.0,0,25,2,0,0,0
572,Wendy’s,"Brewed Unsweetened Iced Tea, Medium",drink,drink,0,0.0,0.0,0.0,0,15,1,0,0,0
573,Wendy’s,"Brewed Unsweetened Iced Tea, Small",drink,drink,0,0.0,0.0,0.0,0,10,1,0,0,0
574,Wendy’s,"Caramel Iced Coffee, Medium",drink,drink,240,8.0,5.0,0.0,25,45,40,0,36,3
575,Wendy’s,"Caramel Iced Coffee, Small",drink,drink,160,6.0,3.5,0.0,20,30,26,0,24,2
576,Wendy’s,"Coca-Cola, Large",drink,drink,400,0.0,0.0,0.0,0,90,109,0,109,0
577,Wendy’s,"Coca-Cola, Medium",drink,drink,320,0.0,0.0,0.0,0,70,87,0,87,0
578,Wendy’s,"Coca-Cola, Small",drink,drink,200,0.0,0.0,0.0,0,45,54,0,54,0
579,Wendy’s,"Coca-Cola Zero Sugar, Large",drink,drink,0,0.0,0.0,0.0,0,100,1,0,0,0
580,Wendy’s,"Coca-Cola Zero Sugar, Medium",drink,drink,0,0.0,0.0,0.0,0,80,1,0,0,0
581,Wendy’s,"Coca-Cola Zero Sugar, Small",drink,drink,0,0.0,0.0,0.0,0,50,0,0,0,0
582,Wendy’s,"Diet Coke, Large",drink,drink,0,0.0,0.0,0.0,0,125,1,0,0,0
583,Wendy’s,"Diet Coke, Medium",drink,drink,0,0.0,0.0,0.0,0,100,1,0,0,0
584,Wendy’s,"Diet Coke, Small",drink,drink,0,0.0,0.0,0.0,0,45,0,0,0,0
585,Wendy’s,"Dr Pepper, Large",drink,drink,240,0.0,0.0,0.0,0,70,66,0,64,0
586,Wendy’s,"Dr Pepper, Medium",drink,drink,190,0.0,0.0,0.0,0,55,53,0,51,0
587,Wendy’s,"Dr Pepper, Small",drink,drink,120,0.0,0.0,0.0,0,35,33,0,32,0
591,Wendy’s,"Hi-C Flashin’ Fruit Punch, Large",vegetarian,drink,420,0.0,0.0,0.0,0,140,115,0,113,0
592,Wendy’s,"Hi-C Flashin’ Fruit Punch, Medium",vegetarian,drink,340,0.0,0.0,0.0,0,115,92,0,90,0
593,Wendy’s,"Hi-C Flashin’ Fruit Punch, Small",vegetarian,drink,210,0.0,0.0,0.0,0,70,58,0,56,0
594,Wendy’s,"Honest Tropical Green Tea, Large",drink,drink,110,0.0,0.0,0.0,0,55,29,0,29,0
595,Wendy’s,"Honest Tropical Green Tea, Medium",drink,drink,90,0.0,0.0,0.0,0,40,22,0,22,0
596,Wendy’s,"Honest Tropical Green Tea, Small",drink,drink,60,0.0,0.0,0.0,0,25,14,0,14,0
597,Wendy’s,Hot Tea,drink,drink,0,0.0,0.0,0.0,0,0,1,0,0,0
601,Wendy’s,"Minute Maid Light Lemonade, Large",drink,drink,15,0.0,0.0,0.0,0,10,2,0,0,0
602,Wendy’s,"Minute Maid Light Lemonade, Medium",drink,drink,10,0.0,0.0,0.0,0,10,1,0,0,0
603,Wendy’s,"Minute Maid Light Lemonade, Small",drink,drink,5,0.0,0.0,0.0,0,5,1,0,0,0
604,Wendy’s,"Mocha Iced Coffee, Medium",drink,drink,210,8.0,5.0,0.0,25,40,32,0,28,3
605,Wendy’s,"Mocha Iced Coffee, Small",drink,drink,170,6.0,3.5,0.0,20,30,28,0,25,2
606,Wendy’s,"Pear Berry Fruit Tea, Large",vegetarian,drink,320,0.0,0.0,0.0,0,60,82,0,76,0
607,Wendy’s,"Pear Berry Fruit Tea, Medium",vegetarian,drink,300,0.0,0.0,0.0,0,50,76,0,70,0
608,Wendy’s,"Pear Berry Fruit Tea, Small",vegetarian,drink,170,0.0,0.0,0.0,0,30,44,0,40,0
609,Wendy’s,"Skinny Vanilla Iced Coffee, Medium",drink,drink,100,8.0,5.0,0.0,25,45,14,0,0,3
610,Wendy’s,"Skinny Vanilla Iced Coffee, Small",drink,drink,70,5.0,3.5,0.0,15,30,6,0,0,2
611,Wendy’s,"Small Sprite, Small",drink,drink,200,0.0,0.0,0.0,0,90,53,0,53,0
612,Wendy’s,"Sprite, Large",drink,drink,390,0.0,0.0,0.0,0,180,105,0,105,0
613,Wendy’s,"Sprite, Medium",drink,drink,310,0.0,0.0,0.0,0,140,84,0,84,0
614,Wendy’s,"Strawberry Lemonade, Large",drink,drink,480,0.0,0.0,0.0,0,55,121,0,114,0
615,Wendy’s,"Strawberry Lemonade, Medium",drink,drink,380,0.0,0.0,0.0,0,45,98,0,92,0
616,Wendy’s,"Strawberry Lemonade, Small",drink,drink,230,0.0,0.0,0.0,0,30,58,0,54,0
617,Wendy’s,"Strawberry Sweet Tea, Large",drink,drink,270,0.0,0.0,0.0,0,15,69,0,67,0
618,Wendy’s,"Strawberry Sweet Tea, Medium",drink,drink,240,0.0,0.0,0.0,0,15,60,0,59,0
619,Wendy’s,"Strawberry Sweet Tea, Small",drink,drink,140,0.0,0.0,0.0,0,10,36,0,35,0
620,Wendy’s,"Strawberry Tea, Large",drink,drink,90,0.0,0.0,0.0,0,20,22,0,20,0
621,Wendy’s,"Strawberry Tea, Medium",drink,drink,60,0.0,0.0,0.0,0,15,16,0,14,0
622,Wendy’s,"Strawberry Tea, Small",drink,drink,45,0.0,0.0,0.0,0,10,11,0,10,0
623,Wendy’s,"Sweetened Iced Tea, Large",drink,drink,300,0.0,0.0,0.0,0,25,77,0,75,0
624,Wendy’s,"Sweetened Iced Tea, Medium",drink,drink,220,0.0,0.0,0.0,0,20,58,0,56,0
625,Wendy’s,"Sweetened Iced Tea, Small",drink,drink,160,0.0,0.0,0.0,0,10,41,0,40,0
626,Wendy’s,"Vanilla Iced Coffee, Medium",drink,drink,250,8.0,5.0,0.0,25,40,42,0,39,3
627,Wendy’s,"Vanilla Iced Coffee, Small",drink,drink,170,6.0,3.5,0.0,20,30,28,0,26,2
628,Wendy’s,"Classic Chocolate Frosty, Junior",drink,drink,200,5.0,3.0,0.0,20,90,33,0,27,6
629,Wendy’s,"Classic Chocolate Frosty, Large",drink,drink,590,15.0,10.0,0.5,60,260,99,0,81,17
630,Wendy’s,"Classic Chocolate Frosty, Medium",drink,drink,470,12.0,8.0,0.5,50,210,79,0,65,13
631,Wendy’s,"Classic Chocolate Frosty, Small",drink,drink,350,9.0,6.0,0.0,35,150,58,0,47,10
632,Wendy’s,"Vanilla Frosty, Junior",drink,drink,190,5.0,3.5,0.0,25,90,32,0,27,5
633,Wendy’s,"Vanilla Frosty, Large",drink,drink,570,15.0,10.0,0.5,70,260,94,0,78,15
634,Wendy’s,"Vanilla Frosty, Medium",drink,drink,450,12.0,8.0,0.5,55,210,75,0,63,12
635,Wendy’s,"Vanilla Frosty, Small",drink,drink,340,9.0,6.0,0.0,45,160,56,0,47,9
637,Wendy’s,Double Chocolate Chunk Cookie,beef,vegetarian,290,14.0,7.0,0.0,20,230,39,4,21,4
639,Wendy’s,Kids 2 Piece Chicken Tenders,chicken,chicken,200,10.0,1.5,0.0,45,620,13,0,0,15
640,Wendy’s,Kids 4 Piece Chicken Nuggets,chicken,chicken,170,11.0,2.0,0.0,35,340,10,0,0,9
641,Wendy’s,Kids Cheeseburger,beef,beef,280,13.0,6.0,0.5,50,540,25,1,5,15
642,Wendy’s,Kids Grilled Chicken Wrap,chicken,chicken,270,10.0,3.5,0.0,55,640,24,2,3,20
643,Wendy’s,Kids Hamburger,beef,beef,240,9.0,3.5,0.5,40,350,24,1,5,13
644,Wendy’s,Artisan Egg Sandwich with Bacon,pork,pork,320,17.0,8.0,0.0,245,750,25,1,4,18
645,Wendy’s,Artisan Egg Sandwich with Sausage,pork,pork,480,33.0,13.0,0.0,275,980,27,1,4,21
646,Wendy’s,Bacon Breakfast Bowl,pork,pork,510,28.0,9.0,0.0,245,1390,44,4,2,19
648,Wendy’s,Fresh-Baked Biscuit with Applewood Smoked Bacon,pork,pork,410,24.0,13.0,0.0,235,970,34,1,5,15
649,Wendy’s,Fresh Baked Biscuit with Natural Sausage,pork,pork,590,41.0,19.0,0.0,270,1270,36,1,6,20
650,Wendy’s,Gravy and Sausage Bowl,pork,pork,450,22.0,6.0,0.0,220,1260,50,4,2,12
651,Wendy’s,Honey Butter Chicken Biscuit,chicken,chicken,500,26.0,12.0,0.0,50,1120,48,1,9,19
652,Wendy’s,Sausage and Egg Burrito,pork,pork,360,20.0,8.0,0.0,210,920,29,1,2,17
653,Wendy’s,Sausage and Gravy Biscuit,pork,beef,490,29.0,14.0,0.0,20,1400,49,2,6,8
654,Wendy’s,Sausage Biscuit,pork,pork,480,33.0,15.0,0.0,50,1010,35,1,5,12
655,Wendy’s,Sausage Breakfast Bowl,pork,pork,640,42.0,14.0,0.0,270,1540,46,4,3,21
656,Wendy’s,"Seasoned Home-Style Potatoes, Large",vegetarian,vegetarian,360,13.0,2.5,0.0,0,1080,57,6,1,5
657,Wendy’s,"Seasoned Home-Style Potatoes, Medium",vegetarian,vegetarian,250,9.0,1.5,0.0,0,750,39,4,1,4
658,Wendy’s,"Seasoned Home-Style Potatoes, Small",vegetarian,vegetarian,230,8.0,1.5,0.0,0,680,35,4,0,3
659,Wendy’s,Two Sausage and Egg Burritos,pork,pork,720,41.0,16.0,0.0,420,1830,59,2,5,34
660,Wendy’s,Two Sausage Biscuits,pork,pork,960,65.0,31.0,0.0,95,2020,70,3,10,23
661,KFC,Limited Time ORIGINAL RECIPE CHICKEN Chicken Breast,chicken,chicken,390,21.0,4.0,0.0,120,1190,11,2,0,39
662,KFC,Limited Time ORIGINAL RECIPE CHICKEN Chicken Limited Time Drumstick,chicken,chicken,130,8.0,1.5,0.0,55,430,4,1,0,12
663,KFC,Limited Time ORIGINAL RECIPE CHICKEN Chicken Thigh,chicken,chicken,280,19.0,4.5,0.0,100,910,8,1,0,19
664,KFC,Limited Time ORIGINAL RECIPE CHICKEN Chicken Whole Wing,chicken,chicken,130,8.0,2.0,0.0,55,380,3,0,0,10
665,KFC,Chicken Breast,chicken,chicken,770,60.0,10.0,0.0,105,1530,21,1,1,35
666,KFC,Chicken Drumstick,chicken,chicken,250,21.0,3.5,0.0,50,530,6,1,0,11
667,KFC,Chicken Thigh,chicken,chicken,500,40.0,7.0,0.0,100,970,11,1,1,22
668,KFC,Chicken Whole Wing,chicken,chicken,290,25.0,4.0,0.0,45,520,6,1,1,10
669,KFC,Breast,chicken,chicken,260,12.0,3.0,0.0,130,790,1,0,0,38
671,KFC,Thigh,chicken,chicken,180,12.0,3.5,0.0,90,470,0,0,0,17
673,KFC,Breast,chicken,chicken,540,40.0,7.0,0.0,100,1390,14,2,1,31
675,KFC,Thigh,chicken,chicken,390,32.0,6.0,0.0,65,900,12,2,1,13
677,KFC,EXTRA CRISPY  Chicken Breast,chicken,chicken,530,35.0,6.0,0.0,105,1150,18,0,0,35
678,KFC,EXTRA CRISPY  Chicken Drumstick,chicken,chicken,170,12.0,2.0,0.0,50,390,5,0,0,10
679,KFC,EXTRA CRISPY  Chicken Thigh,chicken,chicken,330,23.0,4.5,0.0,100,700,9,0,0,22
680,KFC,EXTRA CRISPY  Chicken Whole Wing,chicken,chicken,170,13.0,2.0,0.0,45,340,5,0,0,10
681,KFC,KENTUCKY GRILLED CHICKEN Breast,chicken,chicken,210,7.0,2.0,0.0,130,710,0,0,0,38
682,KFC,KENTUCKY GRILLED CHICKEN Drumstick,chicken,chicken,80,4.0,1.0,0.0,55,220,0,0,0,11
683,KFC,KENTUCKY GRILLED CHICKEN Thigh,chicken,chicken,150,9.0,3.0,0.0,90,420,0,0,0,17
684,KFC,KENTUCKY GRILLED CHICKEN Whole Wing,chicken,drink,70,3.0,1.0,0.0,45,180,0,0,0,9
685,KFC,SPICY CRISPY CHICKEN Breast,chicken,chicken,350,20.0,3.5,0.0,100,1100,11,1,0,30
686,KFC,SPICY CRISPY CHICKEN Drumstick,chicken,chicken,130,8.0,1.5,0.0,40,420,5,1,0,9
687,KFC,SPICY CRISPY CHICKEN Thigh,chicken,chicken,270,20.0,3.5,0.0,65,720,10,1,0,13
688,KFC,SPICY CRISPY CHICKEN Whole Wing,chicken,chicken,120,8.0,1.5,0.0,35,350,5,0,0,7
693,KFC,POPCORN NUGGETS Kids,chicken,chicken,290,19.0,2.5,0.0,30,870,19,1,0,13
694,KFC,POPCORN NUGGETS Large,chicken,chicken,620,39.0,5.0,0.0,65,1820,39,2,0,27
695,KFC,BBQ Baked Beans,vegetarian,vegetarian,190,1.0,0.0,0.0,0,650,34,7,15,11
698,KFC,Green Beans,vegetarian,vegetarian,25,0.0,0.0,0.0,0,300,5,3,1,1
699,KFC,Macaroni Salad,vegetarian,drink,140,8.0,1.0,0.0,15,290,14,0,9,1
700,KFC,Mashed Potatoes,vegetarian,vegetarian,110,3.5,0.5,0.0,0,330,17,1,0,2
701,KFC,Mashed Potatoes With Gravy,vegetarian,vegetarian,130,4.5,1.0,0.0,0,520,20,1,0,3
702,KFC,Potato Salad,vegetarian,vegetarian,340,28.0,4.5,0.0,25,290,19,2,3,2
703,KFC,Secret Recipe Fries,vegetarian,vegetarian,320,15.0,2.0,0.0,0,1100,41,3,0,5
705,KFC,BBQ Baked Beans (Family),vegetarian,vegetarian,830,5.0,1.0,0.0,0,2810,148,31,63,47
708,KFC,Green Beans (Family),vegetarian,vegetarian,80,0.0,0.0,0.0,0,930,15,9,3,4
709,KFC,Macaroni & Cheese (Family),vegetarian,vegetarian,540,23.0,6.0,0.0,10,2220,66,5,8,18
710,KFC,Macaroni Salad (Family),vegetarian,chicken,480,28.0,3.5,0.0,55,990,50,0,30,3
711,KFC,Mashed Potatoes (Family),vegetarian,vegetarian,460,15.0,3.0,0.0,0,1410,72,6,0,9
712,KFC,Mashed Potatoes With Gravy (Family),vegetarian,vegetarian,590,21.0,5.0,0.0,0,2590,88,6,1,12
713,KFC,Potato Salad (Family),vegetarian,vegetarian,1200,98.0,16.0,0.0,80,1010,65,8,12,8
714,KFC,Secret Recipe Fries (Family),vegetarian,vegetarian,840,40.0,5.0,0.0,0,2890,108,9,0,13
716,KFC,Chicken Littles,chicken,chicken,300,15.0,2.5,0.0,30,620,27,1,3,14
717,KFC,Chicken Littles – Buffalo,chicken,chicken,310,17.0,2.5,0.0,30,790,27,1,3,14
718,KFC,Chicken Littles – Honey BBQ,chicken,chicken,320,15.0,2.5,0.0,30,680,31,1,7,14
719,KFC,Chicken Littles – Nashville Hot,chicken,chicken,340,19.0,3.0,0.0,30,680,27,1,3,14
720,KFC,Classic Chicken Sandwich,chicken,chicken,650,35.0,4.5,0.0,90,1260,49,1,6,34
723,KFC,Spicy Chicken Sandwich,chicken,chicken,620,33.0,4.0,0.0,85,2140,49,1,6,34
724,KFC,Chicken Pot Pie,chicken,chicken,720,41.0,25.0,0.0,80,1750,60,7,5,26
727,KFC,Caesar Side Salad,vegetarian,drink,40,2.0,1.0,0.0,5,90,2,1,1,3
728,KFC,House Side Salad,vegetarian,vegetarian,15,0.0,0.0,0.0,0,10,3,2,2,1
746,KFC,Capri Sun® 100% Juice Fruit Punch,vegetarian,drink,80,0.0,0.0,0.0,0,25,21,0,20,0
754,KFC,Classic Lemonade (1/2 Gallon),drink,drink,880,0.0,0.0,0.0,0,780,234,0,228,0
755,KFC,Classic Lemonade (20 fl oz),drink,drink,140,0.0,0.0,0.0,0,130,39,0,38,0
760,KFC,Diet Dr Pepper® (12 fl oz),drink,drink,0,0.0,0.0,0.0,0,70,0,0,0,0
761,KFC,Diet Dr Pepper® (16 fl oz),drink,drink,0,0.0,0.0,0.0,0,95,0,0,0,0
762,KFC,Diet Dr Pepper® (20 fl oz),drink,drink,0,0.0,0.0,0.0,0,120,0,0,0,0
763,KFC,Diet Dr Pepper® (30 fl oz),drink,drink,0,0.0,0.0,0.0,0,180,0,0,0,0
764,KFC,Diet Mist Twst® (12 fl oz),drink,drink,0,0.0,0.0,0.0,0,35,0,0,0,0
765,KFC,Diet Mist Twst® (16 fl oz),drink,drink,0,0.0,0.0,0.0,0,50,0,0,0,0
766,KFC,Diet Mist Twst® (20 fl oz),drink,drink,0,0.0,0.0,0.0,0,60,0,0,0,0
767,KFC,Diet Mist Twst® (30 fl oz),drink,drink,5,0.0,0.0,0.0,0,95,0,0,0,0
768,KFC,Diet Mountain Dew® (12 fl oz),drink,drink,0,0.0,0.0,0.0,0,55,1,0,0,0
769,KFC,Diet Mountain Dew® (16 fl oz),drink,drink,5,0.0,0.0,0.0,0,75,1,0,0,0
770,KFC,Diet Mountain Dew® (20 fl oz),drink,drink,10,0.0,0.0,0.0,0,90,1,0,1,0
771,KFC,Diet Mountain Dew® (30 fl oz),drink,drink,10,0.0,0.0,0.0,0,140,1,0,1,0
772,KFC,Diet Pepsi® (12 fl oz),drink,drink,0,0.0,0.0,0.0,0,55,0,0,0,0
773,KFC,Diet Pepsi® (16 fl oz),drink,drink,0,0.0,0.0,0.0,0,75,0,0,0,0
774,KFC,Diet Pepsi® (20 fl oz),drink,drink,0,0.0,0.0,0.0,0,95,0,0,0,0
775,KFC,Diet Pepsi® (30 fl oz),drink,drink,0,0.0,0.0,0.0,0,140,0,0,0,0
776,KFC,Diet Pepsi® Wild Cherry Pepsi® (12 fl oz),drink,drink,0,0.0,0.0,0.0,0,35,0,0,0,0
777,KFC,Diet Pepsi® Wild Cherry Pepsi® (16 fl oz),drink,drink,0,0.0,0.0,0.0,0,50,0,0,0,0
778,KFC,Diet Pepsi® Wild Cherry Pepsi® (20 fl oz),drink,drink,0,0.0,0.0,0.0,0,60,0,0,0,0
779,KFC,Diet Pepsi® Wild Cherry Pepsi® (30 fl oz),drink,drink,0,0.0,0.0,0.0,0,95,0,0,0,0
780,KFC,Dr Pepper® (12 fl oz),drink,drink,140,0.0,0.0,0.0,0,45,39,0,38,0
781,KFC,Dr Pepper® (16 fl oz),drink,drink,190,0.0,0.0,0.0,0,60,52,0,51,0
782,KFC,Dr Pepper® (20 fl oz),drink,drink,240,0.0,0.0,0.0,0,75,65,0,64,0
783,KFC,Dr Pepper® (30 fl oz),drink,drink,360,0.0,0.0,0.0,0,110,98,0,96,0
784,KFC,Lipton® Brisk® Lemon Tea (12 fl oz),drink,drink,80,0.0,0.0,0.0,0,40,22,0,22,0
785,KFC,Lipton® Brisk® Lemon Tea (16 fl oz),drink,drink,110,0.0,0.0,0.0,0,55,29,0,29,0
786,KFC,Lipton® Brisk® Lemon Tea (20 fl oz),drink,drink,140,0.0,0.0,0.0,0,70,36,0,36,0
787,KFC,Lipton® Brisk® Lemon Tea (30 fl oz),drink,drink,210,0.0,0.0,0.0,0,105,55,0,54,0
788,KFC,Lipton® Brisk® No Calorie Peach Iced Green Tea (12 fl oz),drink,drink,0,0.0,0.0,0.0,0,105,0,0,0,0
789,KFC,Lipton® Brisk® No Calorie Peach Iced Green Tea (16 fl oz),drink,drink,0,0.0,0.0,0.0,0,140,0,0,0,0
790,KFC,Lipton® Brisk® No Calorie Peach Iced Green Tea (20 fl oz),drink,drink,5,0.0,0.0,0.0,0,180,0,0,0,0
791,KFC,Lipton® Brisk® No Calorie Peach Iced Green Tea (30 fl oz),drink,drink,10,0.0,0.0,0.0,0,270,0,0,0,0
792,KFC,Lipton® Brisk® Raspberry Tea (12 fl oz),drink,drink,80,0.0,0.0,0.0,0,45,20,0,20,0
793,KFC,Lipton® Brisk® Raspberry Tea (16 fl oz),drink,drink,100,0.0,0.0,0.0,0,55,26,0,26,0
794,KFC,Lipton® Brisk® Raspberry Tea (20 fl oz),drink,drink,130,0.0,0.0,0.0,0,70,33,0,33,0
795,KFC,Lipton® Brisk® Raspberry Tea (30 fl oz),drink,drink,190,0.0,0.0,0.0,0,110,49,0,49,0
796,KFC,Lipton® Brisk® Sweet Iced Tea (12 fl oz),drink,drink,80,0.0,0.0,0.0,0,45,22,0,21,0
797,KFC,Lipton® Brisk® Sweet Iced Tea (16 fl oz),drink,drink,110,0.0,0.0,0.0,0,65,29,0,29,0
798,KFC,Lipton® Brisk® Sweet Iced Tea (20 fl oz),drink,drink,130,0.0,0.0,0.0,0,80,36,0,36,0
799,KFC,Lipton® Brisk® Sweet Iced Tea (30 fl oz),drink,drink,200,0.0,0.0,0.0,0,120,54,0,54,0
800,KFC,Lipton® Brisk® Unsweetened No Lemon Iced Tea (12 fl oz),drink,drink,0,0.0,0.0,0.0,0,45,0,0,0,0
801,KFC,Lipton® Brisk® Unsweetened No Lemon Iced Tea (16 fl oz),drink,drink,0,0.0,0.0,0.0,0,60,0,0,0,0
802,KFC,Lipton® Brisk® Unsweetened No Lemon Iced Tea (20 fl oz),drink,drink,0,0.0,0.0,0.0,0,75,0,0,0,0
803,KFC,Lipton® Brisk® Unsweetened No Lemon Iced Tea (30 fl oz),drink,drink,0,0.0,0.0,0.0,0,115,0,0,0,0
825,KFC,Pepsi Zero Sugar® (12 fl oz),drink,drink,0,0.0,0.0,0.0,0,35,0,0,0,0
826,KFC,Pepsi Zero Sugar® (16 fl oz),drink,drink,0,0.0,0.0,0.0,0,50,0,0,0,0
827,KFC,Pepsi Zero Sugar® (20 fl oz),drink,drink,0,0.0,0.0,0.0,0,60,0,0,0,0
828,KFC,Pepsi Zero Sugar® (30 fl oz),drink,drink,0,0.0,0.0,0.0,0,95,1,0,0,0
829,KFC,Pepsi® (12 fl oz),drink,drink,150,0.0,0.0,0.0,0,30,41,0,41,0
830,KFC,Pepsi® (16 fl oz),drink,drink,200,0.0,0.0,0.0,0,45,55,0,55,0
831,KFC,Pepsi® (20 fl oz),drink,drink,250,0.0,0.0,0.0,0,55,69,0,69,0
832,KFC,Pepsi® (30 fl oz),drink,drink,380,0.0,0.0,0.0,0,80,104,0,103,0
833,KFC,Sobe Lifewater Yumberry Pomegranate (12 fl oz),drink,drink,0,0.0,0.0,0.0,0,45,0,0,0,0
834,KFC,Sobe Lifewater Yumberry Pomegranate (16 fl oz),drink,drink,0,0.0,0.0,0.0,0,65,0,0,0,0
835,KFC,Sobe Lifewater Yumberry Pomegranate (20 fl oz),drink,drink,0,0.0,0.0,0.0,0,80,0,0,0,0
836,KFC,Sobe Lifewater Yumberry Pomegranate (30 fl oz),drink,drink,5,0.0,0.0,0.0,0,120,1,0,0,0
837,KFC,Strawberry Lemonade (1/2 Gallon),drink,drink,950,0.0,0.0,0.0,0,790,270,0,264,0
838,KFC,Strawberry Lemonade (20 fl oz),drink,drink,170,0.0,0.0,0.0,0,130,45,0,44,0
839,KFC,Tropicana® Fruit Punch (12 fl oz),vegetarian,drink,170,0.0,0.0,0.0,0,35,45,0,45,0
840,KFC,Tropicana® Fruit Punch (16 fl oz),vegetarian,drink,230,0.0,0.0,0.0,0,45,60,0,60,0
841,KFC,Tropicana® Fruit Punch (20 fl oz),vegetarian,drink,280,0.0,0.0,0.0,0,60,75,0,75,0
842,KFC,Tropicana® Fruit Punch (30 fl oz),vegetarian,drink,420,0.0,0.0,0.0,0,90,113,0,112,0
843,KFC,Tropicana® Light Lemonade (12 fl oz),drink,drink,5,0.0,0.0,0.0,0,140,0,0,0,0
844,KFC,Tropicana® Light Lemonade (16 fl oz),drink,drink,10,0.0,0.0,0.0,0,190,0,0,0,0
845,KFC,Tropicana® Light Lemonade (20 fl oz),drink,drink,10,0.0,0.0,0.0,0,240,0,0,0,0
846,KFC,Tropicana® Light Lemonade (30 fl oz),drink,drink,15,0.0,0.0,0.0,0,350,1,0,0,0
847,KFC,Tropicana® Pink Lemonade (12 fl oz),drink,drink,150,0.0,0.0,0.0,0,160,40,0,40,0
848,KFC,Tropicana® Pink Lemonade (16 fl oz),drink,drink,210,0.0,0.0,0.0,0,210,53,0,53,0
849,KFC,Tropicana® Pink Lemonade (20 fl oz),drink,drink,260,0.0,0.0,0.0,0,260,67,0,67,0
850,KFC,Tropicana® Pink Lemonade (30 fl oz),drink,drink,390,0.0,0.0,0.0,0,390,100,0,100,0
851,KFC,Tropicana® Twister® Orange (12 fl oz),drink,drink,170,0.0,0.0,0.0,0,35,46,0,46,0
852,KFC,Tropicana® Twister® Orange (16 fl oz),drink,drink,230,0.0,0.0,0.0,0,50,61,0,61,0
853,KFC,Tropicana® Twister® Orange (20 fl oz),drink,drink,290,0.0,0.0,0.0,0,60,76,0,76,0
854,KFC,Tropicana® Twister® Orange (30 fl oz),drink,drink,430,0.0,0.0,0.0,0,90,115,0,114,0
855,KFC,Wild Cherry Pepsi® (12 fl oz),drink,drink,160,0.0,0.0,0.0,0,30,42,0,42,0
856,KFC,Wild Cherry Pepsi® (16 fl oz),drink,drink,210,0.0,0.0,0.0,0,40,56,0,56,0
857,KFC,Wild Cherry Pepsi® (20 fl oz),drink,drink,260,0.0,0.0,0.0,0,50,70,0,70,0
858,KFC,Wild Cherry Pepsi® (30 fl oz),drink,drink,390,0.0,0.0,0.0,0,80,105,0,105,0
859,KFC,Country Fried Steak without Peppered White Gravy,beef,beef,360,24.0,7.0,1.0,35,750,22,2,0,13
860,KFC,Country Fried Steak with Peppered White Gravy,beef,beef,390,26.0,7.0,1.0,35,910,26,2,0,13
862,Taco Bell,Bacon Club Chalupa,pork,chicken,440,27.0,5.0,0.0,50,840,31,2,3,20
863,Taco Bell,Blue Raspberry Freeze™ (16 oz),drink,drink,120,0.0,0.0,0.0,0,35,30,0,30,0
864,Taco Bell,Blue Raspberry Freeze™ (20 oz),drink,drink,150,0.0,0.0,0.0,0,40,38,0,38,0
866,Taco Bell,Midnight Berry Freeze™ (16 oz),drink,drink,140,0.0,0.0,0.0,0,35,35,0,34,0
867,Taco Bell,Midnight Berry Freeze™ (20 oz),drink,drink,170,0.0,0.0,0.0,0,40,43,0,42,0
868,Taco Bell,Nacho Fries BellGrande®,vegetarian,vegetarian,710,40.0,6.0,0.0,30,1440,73,10,4,13
869,Taco Bell,Black Bean Chalupa – Online Exclusive,vegetarian,vegetarian,330,15.0,3.0,0.0,10,430,39,5,3,10
870,Taco Bell,Black Bean Quesarito – Online Exclusive,vegetarian,vegetarian,630,29.0,10.0,0.0,35,1260,73,7,5,19
872,Taco Bell,Chalupa Supreme® – Beef,beef,vegetarian,350,18.0,5.0,0.0,25,560,33,4,3,13
873,Taco Bell,Chalupa Supreme® – Chicken,chicken,chicken,330,15.0,3.5,0.0,35,560,31,2,3,16
874,Taco Bell,Chalupa Supreme® – Steak,beef,chicken,330,16.0,4.0,0.0,30,530,32,2,3,15
878,Taco Bell,Nacho Cheese Doritos® Locos Taco Supreme®,vegetarian,vegetarian,190,11.0,4.5,0.0,30,380,15,3,2,8
879,Taco Bell,Soft Taco – Beef,beef,chicken,180,9.0,4.0,0.0,25,500,17,3,1,9
880,Taco Bell,Soft Taco – Chicken,chicken,chicken,160,5.0,2.5,0.0,30,500,16,1,1,12
881,Taco Bell,Soft Taco – Beef,beef,chicken,210,10.0,5.0,0.0,25,520,20,3,2,10
882,Taco Bell,Soft Taco – Chicken,chicken,chicken,180,7.0,3.5,0.0,35,520,18,2,2,13
883,Taco Bell,Bean Burrito (V),vegetarian,vegetarian,350,9.0,3.5,0.0,5,1000,54,11,3,13
884,Taco Bell,Beefy 5-Layer Burrito,beef,vegetarian,490,18.0,7.0,0.0,30,1250,63,9,5,18
885,Taco Bell,Burrito Supreme® – Beef,beef,vegetarian,390,14.0,6.0,0.0,25,1110,51,9,4,16
886,Taco Bell,Burrito Supreme® – Chicken,chicken,vegetarian,370,11.0,4.5,0.0,35,1110,49,8,4,19
887,Taco Bell,Burrito Supreme® – Steak,beef,vegetarian,370,12.0,5.0,0.0,30,1090,49,7,4,18
888,Taco Bell,Chili Cheese Burrito (regional),vegetarian,chicken,370,17.0,8.0,0.0,35,970,40,4,2,16
889,Taco Bell,Quesarito – Beef,beef,vegetarian,650,33.0,12.0,0.5,55,1390,67,6,5,22
890,Taco Bell,Quesarito – Chicken,chicken,chicken,620,29.0,11.0,0.0,65,1390,66,4,4,25
891,Taco Bell,Quesarito – Steak,beef,chicken,630,30.0,11.0,0.0,60,1370,66,4,4,24
892,Taco Bell,Nacho Fries BellGrande® (New),vegetarian,vegetarian,710,40.0,6.0,0.0,30,1440,73,10,4,13
893,Taco Bell,Nachos BellGrande® – Beef,beef,beef,740,38.0,7.0,0.0,25,1050,82,15,5,16
894,Taco Bell,Nachos BellGrande® – Chicken,chicken,beef,720,35.0,6.0,0.0,35,1050,81,14,5,20
895,Taco Bell,Nachos BellGrande® – Steak,beef,beef,720,36.0,6.0,0.0,30,1030,81,14,5,19
896,Taco Bell,Beef Quesarito,beef,vegetarian,650,33.0,12.0,0.5,55,1390,67,6,5,22
897,Taco Bell,Black Bean Quesarito (V),vegetarian,vegetarian,630,29.0,10.0,0.0,35,1260,73,7,5,19
898,Taco Bell,Quesadilla – Cheese (V),vegetarian,beef,470,25.0,12.0,0.5,50,990,37,4,2,19
899,Taco Bell,Quesadilla – Chicken,chicken,beef,510,26.0,12.0,0.5,75,1250,38,4,2,27
900,Taco Bell,Quesadilla – Steak,beef,beef,520,27.0,12.0,0.5,70,1230,38,4,2,27
901,Taco Bell,Bacon Club Chalupa – Specialties,pork,chicken,440,27.0,5.0,0.0,50,840,31,2,3,20
902,Taco Bell,Black Bean Chalupa – Specialties,vegetarian,vegetarian,330,15.0,3.0,0.0,10,430,39,5,3,10
903,Taco Bell,Black Bean Crunchwrap Supreme – Specialties,vegetarian,vegetarian,510,17.0,4.5,0.0,5,1080,77,8,6,13
904,Taco Bell,Black Bean Quesarito – Specialties,vegetarian,vegetarian,630,29.0,10.0,0.0,35,1260,73,7,5,19
914,Taco Bell,Veggie Power Menu Bowl – Specialties,vegetarian,vegetarian,430,17.0,5.0,0.0,20,810,57,10,2,12
915,Taco Bell,Black Beans & Rice (V),vegetarian,vegetarian,170,3.5,0.0,0.0,0,320,31,4,0,4
916,Taco Bell,Black Beans (V),vegetarian,vegetarian,50,1.0,0.0,0.0,0,135,8,3,0,2
923,Taco Bell,Blue Raspberry Freeze™ (16 oz) (New),drink,drink,120,0.0,0.0,0.0,0,35,30,0,30,0
924,Taco Bell,Blue Raspberry Freeze™ (20 oz) (New),drink,drink,150,0.0,0.0,0.0,0,40,38,0,38,0
925,Taco Bell,Dragon Fruit Freeze (16 oz),vegetarian,drink,190,0.0,0.0,0.0,0,50,49,0,47,0
926,Taco Bell,Dragon Fruit Freeze (20 oz),vegetarian,drink,230,0.0,0.0,0.0,0,60,59,0,57,0
929,Taco Bell,Midnight Berry Freeze™ (16 oz) (New),drink,drink,140,0.0,0.0,0.0,0,35,35,0,34,0
930,Taco Bell,Midnight Berry Freeze™ (20 oz) (New),drink,drink,170,0.0,0.0,0.0,0,40,43,0,42,0
931,Taco Bell,Mtn Dew® Baja Blast Freeze™ (16 oz),drink,drink,150,0.0,0.0,0.0,0,45,41,0,41,0
932,Taco Bell,Mtn Dew® Baja Blast Freeze™ (20 oz),drink,drink,190,0.0,0.0,0.0,0,55,51,0,51,0
933,Taco Bell,Premium Hot Coffee,drink,drink,10,0.0,0.0,0.0,0,0,0,0,0,2
934,Taco Bell,Regular Iced Coffee,drink,drink,10,0.0,0.0,0.0,0,0,0,0,0,2
935,Taco Bell,Water,drink,drink,0,0.0,0.0,0.0,0,0,0,0,0,0
936,Taco Bell,Wild Strawberry Freeze™ (16 oz),drink,drink,150,0.0,0.0,0.0,0,40,41,0,41,0
937,Taco Bell,Wild Strawberry Freeze™ (20 oz),drink,drink,190,0.0,0.0,0.0,0,55,51,0,51,0
938,Taco Bell,Beef Burrito – Value Menu,beef,vegetarian,430,19.0,5.0,0.0,20,970,51,4,3,12
940,Taco Bell,Bean Burrito,vegetarian,vegetarian,350,9.0,3.5,0.0,5,1000,54,11,3,13
941,Taco Bell,Black Bean Chalupa,vegetarian,vegetarian,330,15.0,3.0,0.0,10,430,39,5,3,10
942,Taco Bell,Black Bean Crunchwrap Supreme,vegetarian,vegetarian,510,17.0,4.5,0.0,5,1080,77,8,6,13
943,Taco Bell,Black Bean Quesarito,vegetarian,vegetarian,630,29.0,10.0,0.0,35,1260,73,7,5,19
944,Taco Bell,Black Beans & Rice,vegetarian,vegetarian,170,3.5,0.0,0.0,0,320,31,4,0,4
945,Taco Bell,Cheese Quesadilla,vegetarian,beef,470,25.0,12.0,0.5,50,990,37,4,2,19
948,Taco Bell,Hash Brown,vegetarian,vegetarian,160,12.0,1.0,0.0,0,270,13,2,0,1
949,Taco Bell,Power Menu Bowl – Veggie,vegetarian,vegetarian,430,17.0,5.0,0.0,20,810,57,10,2,12
950,Taco Bell,Power Menu Bowl – Chicken,chicken,chicken,470,19.0,6.0,0.0,70,1200,50,7,2,26
951,Taco Bell,Power Menu Bowl – Steak,beef,chicken,480,20.0,7.0,0.0,60,1150,51,7,2,25
952,Taco Bell,Power Menu Bowl – Veggie (V),vegetarian,vegetarian,430,17.0,5.0,0.0,20,810,57,10,2,12
953,Taco Bell,Breakfast Crunchwrap – Bacon,pork,pork,670,41.0,12.0,0.0,140,1270,50,4,3,21
954,Taco Bell,Breakfast Crunchwrap – Sausage,pork,pork,720,47.0,15.0,0.0,145,1210,51,4,3,21
955,Taco Bell,Breakfast Crunchwrap – Steak,beef,pork,660,38.0,12.0,0.0,145,1300,51,4,3,24
956,Taco Bell,Cheesy Toasted Breakfast Burrito – Bacon,pork,pork,350,16.0,4.5,0.0,115,870,36,2,3,13
957,Taco Bell,Cheesy Toasted Breakfast Burrito – Fiesta Potato (V),vegetarian,chicken,340,14.0,3.5,0.0,100,750,43,3,3,10
958,Taco Bell,Cheesy Toasted Breakfast Burrito – Sausage,pork,pork,340,17.0,5.0,0.0,110,730,36,2,3,11
961,Taco Bell,Grande Toasted Breakfast Burrito – Bacon,pork,pork,560,30.0,10.0,0.0,230,1290,49,4,3,24
962,Taco Bell,Grande Toasted Breakfast Burrito – Sausage,pork,pork,560,31.0,10.0,0.0,230,1150,49,4,3,22
963,Taco Bell,Grande Toasted Breakfast Burrito – Steak,beef,pork,560,28.0,9.0,0.0,240,1310,50,4,3,27
964,Taco Bell,Hash Brown (V),vegetarian,vegetarian,160,12.0,1.0,0.0,0,270,13,2,0,1
965,Taco Bell,Hash Brown Toasted Breakfast Burrito – Bacon,pork,pork,570,33.0,10.0,0.0,135,1270,49,4,2,21
966,Taco Bell,Hash Brown Toasted Breakfast Burrito – Sausage,pork,pork,570,34.0,10.0,0.0,130,1130,49,4,2,18
967,Taco Bell,Hash Brown Toasted Breakfast Burrito – Steak,beef,pork,570,30.0,9.0,0.0,140,1290,50,4,2,24
968,Pizza Hut,Detroit Double Cheesy Pizza Slice,beef,chicken,280,12.0,6.0,0.0,30,560,31,2,2,13
969,Pizza Hut,Detroit Double Pepperoni Pizza Slice,beef,chicken,330,17.0,7.0,0.0,40,720,30,2,2,14
970,Pizza Hut,Detroit Meaty Pizza Slice,beef,chicken,320,16.0,6.0,0.0,35,640,31,2,2,14
972,Pizza Hut,Pan Pizza Slices Backyard BBQ Chicken Personal Pan,chicken,chicken,180,6.0,2.0,0.0,15,370,25,1,8,8
973,Pizza Hut,Pan Pizza Slices Backyard BBQ Chicken Medium,chicken,chicken,270,10.0,4.0,0.0,25,450,33,2,6,11
974,Pizza Hut,Pan Pizza Slices Backyard BBQ Chicken Large,chicken,chicken,380,16.0,6.0,0.0,35,650,43,2,7,16
975,Pizza Hut,Pan Pizza Slices Beyond Meat® Pepperoni Medium,beef,chicken,240,10.0,4.5,0.0,15,470,29,2,1,10
976,Pizza Hut,Pan Pizza Slices Beyond Meat® Pepperoni Large,beef,chicken,350,16.0,6.0,0.0,25,680,38,3,2,14
977,Pizza Hut,Pan Pizza Slices Buffalo Chicken Personal Pan,chicken,chicken,160,5.0,2.0,0.0,15,570,22,1,2,7
978,Pizza Hut,Pan Pizza Slices Buffalo Chicken Medium,chicken,chicken,240,9.0,3.5,0.0,20,680,31,2,2,11
979,Pizza Hut,Pan Pizza Slices Buffalo Chicken Large,chicken,chicken,350,14.0,5.0,0.0,30,850,40,2,2,15
980,Pizza Hut,Pan Pizza Slices Cheese Personal Pan,vegetarian,chicken,150,6.0,2.5,0.0,15,310,17,1,2,7
981,Pizza Hut,Pan Pizza Slices Cheese Medium,vegetarian,chicken,250,10.0,4.5,0.0,25,450,28,2,1,11
982,Pizza Hut,Pan Pizza Slices Cheese Large,vegetarian,chicken,360,17.0,7.0,0.0,35,660,37,2,2,16
983,Pizza Hut,Pan Pizza Slices Chicken Bacon Parmesan Personal Pan,chicken,chicken,180,8.0,3.0,0.0,20,350,17,1,2,9
984,Pizza Hut,Pan Pizza Slices Chicken Bacon Parmesan Medium,chicken,chicken,270,13.0,4.5,0.0,30,470,27,2,1,12
985,Pizza Hut,Pan Pizza Slices Chicken Bacon Parmesan Large,chicken,chicken,390,20.0,7.0,0.0,40,680,35,2,2,18
986,Pizza Hut,Pan Pizza Slices Hawaiian Chicken Personal Pan,chicken,chicken,150,5.0,2.0,0.0,15,330,18,1,3,8
987,Pizza Hut,Pan Pizza Slices Hawaiian Chicken Medium,chicken,chicken,240,9.0,3.5,0.0,20,480,29,2,2,12
988,Pizza Hut,Pan Pizza Slices Hawaiian Chicken Large,chicken,chicken,350,15.0,5.0,0.0,30,690,38,2,3,17
989,Pizza Hut,Pan Pizza Slices Meat Lover’s® Personal Pan,beef,chicken,210,12.0,4.5,0.0,25,460,18,1,2,9
990,Pizza Hut,Pan Pizza Slices Meat Lover’s® Medium,beef,chicken,320,17.0,6.0,0.0,35,640,28,2,1,13
991,Pizza Hut,Pan Pizza Slices Meat Lover’s® Large,beef,chicken,470,27.0,10.0,0.0,50,940,37,2,2,19
992,Pizza Hut,Pan Pizza Slices Pepperoni Personal Pan,pork,vegetarian,150,7.0,2.5,0.0,15,310,17,1,2,6
993,Pizza Hut,Pan Pizza Slices Pepperoni Medium,pork,chicken,250,11.0,4.5,0.0,25,470,28,2,1,10
994,Pizza Hut,Pan Pizza Slices Pepperoni Large,pork,chicken,370,18.0,6.0,0.0,35,680,36,2,2,15
995,Pizza Hut,Pan Pizza Slices Pepperoni Lover’s® Personal Pan,pork,chicken,180,9.0,3.5,0.0,20,370,17,1,2,8
996,Pizza Hut,Pan Pizza Slices Pepperoni Lover’s® Medium,pork,chicken,300,15.0,6.0,0.0,35,580,28,2,1,13
997,Pizza Hut,Pan Pizza Slices Pepperoni Lover’s® Large,pork,beef,440,24.0,9.0,0.5,50,850,37,3,2,19
1001,Pizza Hut,Pan Pizza Slices Ultimate Cheese Lover’s® Personal Pan,vegetarian,chicken,170,8.0,3.5,0.0,15,330,17,1,2,8
1002,Pizza Hut,Pan Pizza Slices Ultimate Cheese Lover’s® Medium,vegetarian,chicken,270,13.0,5.0,0.0,25,470,27,2,1,12
1003,Pizza Hut,Pan Pizza Slices Ultimate Cheese Lover’s® Large,vegetarian,chicken,390,20.0,8.0,0.0,40,670,36,2,2,17
1004,Pizza Hut,Pan Pizza Slices Veggie Lover’s® Personal Pan,vegetarian,vegetarian,140,5.0,2.0,0.0,10,290,18,1,2,6
1005,Pizza Hut,Pan Pizza Slices Veggie Lover’s® Medium,vegetarian,chicken,230,9.0,3.5,0.0,15,420,29,2,2,9
1006,Pizza Hut,Pan Pizza Slices Veggie Lover’s® Large,vegetarian,chicken,330,15.0,5.0,0.0,25,620,38,3,3,14
1007,Pizza Hut,Hand Tossed Slices Backyard BBQ Chicken Small,chicken,drink,140,4.0,2.0,0.0,15,250,20,1,4,6
1008,Pizza Hut,Hand Tossed Slices Backyard BBQ Chicken Medium,chicken,chicken,220,7.0,3.0,0.0,20,390,31,2,6,10
1009,Pizza Hut,Hand Tossed Slices Backyard BBQ Chicken Large,chicken,chicken,300,10.0,4.5,0.0,30,530,40,2,7,14
1010,Pizza Hut,Hand Tossed Slices Beyond Meat® Pepperoni Medium,beef,chicken,200,7.0,3.5,0.0,15,410,26,2,1,9
1011,Pizza Hut,Hand Tossed Slices Beyond Meat® Pepperoni Large,beef,chicken,280,10.0,5.0,0.0,20,560,35,3,2,12
1012,Pizza Hut,Hand Tossed Slices  Buffalo Chicken Medium,chicken,chicken,200,5.0,2.5,0.0,20,560,28,2,1,9
1013,Pizza Hut,Hand Tossed Slices  Buffalo Chicken Large,chicken,chicken,270,8.0,4.0,0.0,30,740,37,2,2,13
1014,Pizza Hut,Hand Tossed Slices Cheese Medium,vegetarian,chicken,210,8.0,3.5,0.0,20,390,26,2,1,10
1015,Pizza Hut,Hand Tossed Slices Cheese Large,vegetarian,chicken,290,10.0,5.0,0.0,30,540,34,3,2,13
1016,Pizza Hut,Hand Tossed Slices Chicken Bacon Parmesan Medium,chicken,chicken,230,9.0,4.0,0.0,25,410,25,2,1,11
1017,Pizza Hut,Hand Tossed Slices Chicken Bacon Parmesan Large,chicken,chicken,310,13.0,5.0,0.0,35,560,33,2,1,16
1018,Pizza Hut,Hand Tossed Slices Hawaiian Chicken Small,chicken,vegetarian,130,4.0,1.5,0.0,10,270,17,1,1,7
1019,Pizza Hut,Hand Tossed Slices Hawaiian Chicken Medium,chicken,chicken,210,6.0,3.0,0.0,20,420,27,2,2,10
1020,Pizza Hut,Hand Tossed Slices Hawaiian Chicken Large,chicken,chicken,280,9.0,4.0,0.0,30,580,36,3,3,15
1021,Pizza Hut,Hand Tossed Slices Meat Lover’s® Medium,beef,chicken,290,15.0,6.0,0.0,30,590,26,2,1,12
1022,Pizza Hut,Hand Tossed Slices Meat Lover’s® Large,beef,chicken,390,21.0,8.0,0.0,45,830,34,3,2,17
1023,Pizza Hut,Hand Tossed Slices Pepperoni Medium,pork,chicken,220,9.0,4.0,0.0,20,420,25,2,1,9
1024,Pizza Hut,Hand Tossed Slices Pepperoni Large,pork,chicken,300,13.0,6.0,0.0,30,590,34,3,2,13
1025,Pizza Hut,Hand Tossed Slices Pepperoni Lover’s® Medium,pork,chicken,270,13.0,6.0,0.0,35,530,26,2,1,12
1026,Pizza Hut,Hand Tossed Slices Pepperoni Lover’s® Large,pork,chicken,370,18.0,8.0,0.0,50,740,35,3,2,17
1030,Pizza Hut,Hand Tossed Slices Ultimate Cheese Lover’s® Medium,vegetarian,chicken,230,10.0,4.5,0.0,25,390,25,2,1,11
1031,Pizza Hut,Hand Tossed Slices Ultimate Cheese Lover’s® Large,vegetarian,chicken,310,13.0,6.0,0.0,35,540,33,2,1,15
1032,Pizza Hut,Hand Tossed Slices Veggie Lover’s® Small,vegetarian,drink,120,4.0,1.5,0.0,10,230,17,1,1,5
1033,Pizza Hut,Hand Tossed Slices Veggie Lover’s® Medium,vegetarian,vegetarian,200,6.0,2.5,0.0,15,370,27,2,2,8
1034,Pizza Hut,Hand Tossed Slices Veggie Lover’s® Large,vegetarian,vegetarian,260,9.0,4.0,0.0,20,510,36,3,3,11
